{
  "exp_name": "early_t1_flair_amp_full_bs2_60",
  "fusion": "early",
  "modalities": "t1_flair",
  "dtype": "amp",
  "input_size": "full",
  "batch_size": 2,
  "epochs": 60,
  "total_params": 33082369,
  "trainable_params": 33082369,
  "best_loss_epoch": 31,
  "best_val_loss": 0.39099450760027943,
  "best_loss_threshold": 0.385498046875,
  "best_loss_youden_j": 0.7647058823529411,
  "loss_saved_epochs": [
    1,
    2,
    6,
    11,
    12,
    15,
    16,
    18,
    20,
    29,
    31
  ],
  "best_auc_epoch": 29,
  "best_val_auc": 0.9792387543252595,
  "best_auc_threshold": 0.3193359375,
  "best_auc_youden_j": 0.8823529411764706,
  "auc_saved_epochs": [
    1,
    2,
    5,
    11,
    12,
    17,
    20,
    21,
    28,
    29
  ],
  "requested_scheduled_saved_epochs": [
    45,
    60
  ],
  "actual_scheduled_saved_epochs": [
    45,
    60
  ],
  "scheduled_thresholds": {
    "45": 0.30029296875,
    "60": 0.2978515625
  },
  "scheduled_youden_j": {
    "45": 0.8235294117647058,
    "60": 0.7647058823529411
  },
  "avg_train_time_s": 26.749480854223172,
  "avg_val_time_s": 4.464666016275684,
  "avg_epoch_time_s": 31.214153794323405,
  "avg_data_time_s": 0.1226699915148464,
  "avg_compute_time_s": 0.4013718338086714,
  "train_throughput_samples_per_s": 3.2677483641587517,
  "peak_train_gpu_mem_gb": 10.802345752716064,
  "best_auc_model_test": {
    "test_threshold_used": 0.3193359375,
    "test_accuracy": 0.8529411764705882,
    "test_precision": 0.875,
    "test_recall": 0.8235294117647058,
    "test_f1": 0.8484848484848485,
    "test_auc": 0.894463667820069,
    "test_tp": 14,
    "test_tn": 15,
    "test_fp": 2,
    "test_fn": 3,
    "infer_latency_s": 0.057906494201982725,
    "infer_throughput_samples_per_s": 17.269220210636753,
    "peak_infer_gpu_mem_gb": 5.6261515617370605
  },
  "best_loss_model_test": {
    "test_threshold_used": 0.385498046875,
    "test_accuracy": 0.8823529411764706,
    "test_precision": 1.0,
    "test_recall": 0.7647058823529411,
    "test_f1": 0.8666666666666667,
    "test_auc": 0.8858131487889274,
    "test_tp": 13,
    "test_tn": 17,
    "test_fp": 0,
    "test_fn": 4,
    "infer_latency_s": 0.057890073998885995,
    "infer_throughput_samples_per_s": 17.27411853056611,
    "peak_infer_gpu_mem_gb": 5.6261515617370605
  },
  "scheduled_model_test": {
    "epoch_45": {
      "test_threshold_used": 0.30029296875,
      "test_accuracy": 0.8529411764705882,
      "test_precision": 0.9285714285714286,
      "test_recall": 0.7647058823529411,
      "test_f1": 0.8387096774193549,
      "test_auc": 0.889273356401384,
      "test_tp": 13,
      "test_tn": 16,
      "test_fp": 1,
      "test_fn": 4,
      "infer_latency_s": 0.05789025456589811,
      "infer_throughput_samples_per_s": 17.274064650409713,
      "peak_infer_gpu_mem_gb": 5.6261515617370605
    },
    "epoch_60": {
      "test_threshold_used": 0.2978515625,
      "test_accuracy": 0.8823529411764706,
      "test_precision": 1.0,
      "test_recall": 0.7647058823529411,
      "test_f1": 0.8666666666666667,
      "test_auc": 0.8910034602076125,
      "test_tp": 13,
      "test_tn": 17,
      "test_fp": 0,
      "test_fn": 4,
      "infer_latency_s": 0.05786374320878702,
      "infer_throughput_samples_per_s": 17.281979086485073,
      "peak_infer_gpu_mem_gb": 5.6261515617370605
    }
  }
}