{
  "exp_name": "early_t1_flair_fp32_full_bs2_60",
  "fusion": "early",
  "modalities": "t1_flair",
  "dtype": "fp32",
  "input_size": "full",
  "batch_size": 2,
  "epochs": 60,
  "total_params": 33082369,
  "trainable_params": 33082369,
  "best_loss_epoch": 52,
  "best_val_loss": 0.4753474286373924,
  "best_loss_threshold": 0.7830859422683716,
  "best_loss_youden_j": 0.5294117647058824,
  "loss_saved_epochs": [
    1,
    4,
    6,
    8,
    12,
    15,
    21,
    22,
    23,
    26,
    29,
    32,
    33,
    36,
    39,
    40,
    41,
    43,
    47,
    51,
    52
  ],
  "best_auc_epoch": 18,
  "best_val_auc": 0.8339100346020761,
  "best_auc_threshold": 0.31282705068588257,
  "best_auc_youden_j": 0.5294117647058824,
  "auc_saved_epochs": [
    1,
    4,
    8,
    18
  ],
  "requested_scheduled_saved_epochs": [
    45,
    60
  ],
  "actual_scheduled_saved_epochs": [
    45,
    60
  ],
  "scheduled_thresholds": {
    "45": 0.39987698197364807,
    "60": 0.35347744822502136
  },
  "scheduled_youden_j": {
    "45": 0.5882352941176471,
    "60": 0.5882352941176471
  },
  "avg_train_time_s": 38.67603116904696,
  "avg_val_time_s": 5.5312654906262955,
  "avg_epoch_time_s": 44.20730482352277,
  "avg_data_time_s": 0.10239804242463672,
  "avg_compute_time_s": 0.6552784258804095,
  "train_throughput_samples_per_s": 2.3073109841730424,
  "peak_train_gpu_mem_gb": 20.719115734100342,
  "best_auc_model_test": {
    "test_threshold_used": 0.31282705068588257,
    "test_accuracy": 0.7058823529411765,
    "test_precision": 0.8888888888888888,
    "test_recall": 0.47058823529411764,
    "test_f1": 0.6153846153846154,
    "test_auc": 0.7058823529411764,
    "test_tp": 8,
    "test_tn": 16,
    "test_fp": 1,
    "test_fn": 9,
    "infer_latency_s": 0.09365655109286308,
    "infer_throughput_samples_per_s": 10.677309684492569,
    "peak_infer_gpu_mem_gb": 10.62712812423706
  },
  "best_loss_model_test": {
    "test_threshold_used": 0.7830859422683716,
    "test_accuracy": 0.7647058823529411,
    "test_precision": 1.0,
    "test_recall": 0.5294117647058824,
    "test_f1": 0.6923076923076923,
    "test_auc": 0.8131487889273357,
    "test_tp": 9,
    "test_tn": 17,
    "test_fp": 0,
    "test_fn": 8,
    "infer_latency_s": 0.09304175262942034,
    "infer_throughput_samples_per_s": 10.747862886707857,
    "peak_infer_gpu_mem_gb": 10.62712812423706
  },
  "scheduled_model_test": {
    "epoch_45": {
      "test_threshold_used": 0.39987698197364807,
      "test_accuracy": 0.7647058823529411,
      "test_precision": 1.0,
      "test_recall": 0.5294117647058824,
      "test_f1": 0.6923076923076923,
      "test_auc": 0.7889273356401384,
      "test_tp": 9,
      "test_tn": 17,
      "test_fp": 0,
      "test_fn": 8,
      "infer_latency_s": 0.09302610115093343,
      "infer_throughput_samples_per_s": 10.749671195802511,
      "peak_infer_gpu_mem_gb": 10.62712812423706
    },
    "epoch_60": {
      "test_threshold_used": 0.35347744822502136,
      "test_accuracy": 0.7647058823529411,
      "test_precision": 1.0,
      "test_recall": 0.5294117647058824,
      "test_f1": 0.6923076923076923,
      "test_auc": 0.7820069204152249,
      "test_tp": 9,
      "test_tn": 17,
      "test_fp": 0,
      "test_fn": 8,
      "infer_latency_s": 0.09299222752451897,
      "infer_throughput_samples_per_s": 10.753586903124061,
      "peak_infer_gpu_mem_gb": 10.62712812423706
    }
  }
}