{
  "exp_name": "early_t1_flair_fp32_small_bs2_60",
  "fusion": "early",
  "modalities": "t1_flair",
  "dtype": "fp32",
  "input_size": "small",
  "batch_size": 2,
  "epochs": 60,
  "total_params": 33082369,
  "trainable_params": 33082369,
  "best_loss_epoch": 56,
  "best_val_loss": 0.3634183249052833,
  "best_loss_threshold": 0.6273165941238403,
  "best_loss_youden_j": 0.7647058823529411,
  "loss_saved_epochs": [
    1,
    4,
    5,
    13,
    17,
    23,
    27,
    29,
    30,
    34,
    36,
    56
  ],
  "best_auc_epoch": 36,
  "best_val_auc": 0.9480968858131488,
  "best_auc_threshold": 0.5446069240570068,
  "best_auc_youden_j": 0.7647058823529411,
  "auc_saved_epochs": [
    1,
    4,
    16,
    17,
    23,
    27,
    29,
    34,
    36
  ],
  "requested_scheduled_saved_epochs": [
    45,
    60
  ],
  "actual_scheduled_saved_epochs": [
    45,
    60
  ],
  "scheduled_thresholds": {
    "45": 0.4720238149166107,
    "60": 0.3345124125480652
  },
  "scheduled_youden_j": {
    "45": 0.7058823529411764,
    "60": 0.8235294117647058
  },
  "avg_train_time_s": 7.225208722179135,
  "avg_val_time_s": 1.5819979847719272,
  "avg_epoch_time_s": 8.807216620569427,
  "avg_data_time_s": 0.007662754342739099,
  "avg_compute_time_s": 0.1332034197264637,
  "train_throughput_samples_per_s": 11.581411516752864,
  "peak_train_gpu_mem_gb": 4.593261241912842,
  "best_auc_model_test": {
    "test_threshold_used": 0.5446069240570068,
    "test_accuracy": 0.7941176470588235,
    "test_precision": 1.0,
    "test_recall": 0.5882352941176471,
    "test_f1": 0.7407407407407407,
    "test_auc": 0.7577854671280277,
    "test_tp": 10,
    "test_tn": 17,
    "test_fp": 0,
    "test_fn": 7,
    "infer_latency_s": 0.020372028517372468,
    "infer_throughput_samples_per_s": 49.086913418918456,
    "peak_infer_gpu_mem_gb": 2.3763957023620605
  },
  "best_loss_model_test": {
    "test_threshold_used": 0.6273165941238403,
    "test_accuracy": 0.7941176470588235,
    "test_precision": 1.0,
    "test_recall": 0.5882352941176471,
    "test_f1": 0.7407407407407407,
    "test_auc": 0.754325259515571,
    "test_tp": 10,
    "test_tn": 17,
    "test_fp": 0,
    "test_fn": 7,
    "infer_latency_s": 0.019823043004554862,
    "infer_throughput_samples_per_s": 50.446341652501275,
    "peak_infer_gpu_mem_gb": 2.3763957023620605
  },
  "scheduled_model_test": {
    "epoch_45": {
      "test_threshold_used": 0.4720238149166107,
      "test_accuracy": 0.7941176470588235,
      "test_precision": 0.9166666666666666,
      "test_recall": 0.6470588235294118,
      "test_f1": 0.7586206896551724,
      "test_auc": 0.7439446366782007,
      "test_tp": 11,
      "test_tn": 16,
      "test_fp": 1,
      "test_fn": 6,
      "infer_latency_s": 0.019657905268318513,
      "infer_throughput_samples_per_s": 50.8701200026455,
      "peak_infer_gpu_mem_gb": 2.3763957023620605
    },
    "epoch_60": {
      "test_threshold_used": 0.3345124125480652,
      "test_accuracy": 0.7647058823529411,
      "test_precision": 0.8461538461538461,
      "test_recall": 0.6470588235294118,
      "test_f1": 0.7333333333333333,
      "test_auc": 0.7508650519031141,
      "test_tp": 11,
      "test_tn": 15,
      "test_fp": 2,
      "test_fn": 6,
      "infer_latency_s": 0.0180888031335438,
      "infer_throughput_samples_per_s": 55.282817365931976,
      "peak_infer_gpu_mem_gb": 2.3763957023620605
    }
  }
}