{
  "exp_name": "late_t1_flair_fp32_small_bs2_60",
  "fusion": "late",
  "modalities": "t1_flair",
  "dtype": "fp32",
  "input_size": "small",
  "batch_size": 2,
  "epochs": 60,
  "total_params": 66112129,
  "trainable_params": 66112129,
  "best_loss_epoch": 30,
  "best_val_loss": 0.4077380054137286,
  "best_loss_threshold": 0.4237971603870392,
  "best_loss_youden_j": 0.7647058823529411,
  "loss_saved_epochs": [
    1,
    2,
    3,
    4,
    6,
    11,
    13,
    14,
    25,
    28,
    30
  ],
  "best_auc_epoch": 44,
  "best_val_auc": 0.9100346020761245,
  "best_auc_threshold": 0.30137044191360474,
  "best_auc_youden_j": 0.7647058823529411,
  "auc_saved_epochs": [
    1,
    2,
    3,
    4,
    5,
    6,
    17,
    28,
    30,
    44
  ],
  "requested_scheduled_saved_epochs": [
    45,
    60
  ],
  "actual_scheduled_saved_epochs": [
    45,
    60
  ],
  "scheduled_thresholds": {
    "45": 0.7464223504066467,
    "60": 0.32282108068466187
  },
  "scheduled_youden_j": {
    "45": 0.5294117647058824,
    "60": 0.6470588235294118
  },
  "avg_train_time_s": 12.365516258403659,
  "avg_val_time_s": 1.7033885655303795,
  "avg_epoch_time_s": 14.0689127287517,
  "avg_data_time_s": 0.007685523185562464,
  "avg_compute_time_s": 0.2341739340861833,
  "train_throughput_samples_per_s": 7.250027202994116,
  "peak_train_gpu_mem_gb": 8.672324180603027,
  "best_auc_model_test": {
    "test_threshold_used": 0.30137044191360474,
    "test_accuracy": 0.7352941176470589,
    "test_precision": 0.7857142857142857,
    "test_recall": 0.6470588235294118,
    "test_f1": 0.7096774193548387,
    "test_auc": 0.7439446366782008,
    "test_tp": 11,
    "test_tn": 14,
    "test_fp": 3,
    "test_fn": 6,
    "infer_latency_s": 0.03377503047094626,
    "infer_throughput_samples_per_s": 29.607671290192133,
    "peak_infer_gpu_mem_gb": 2.6292285919189453
  },
  "best_loss_model_test": {
    "test_threshold_used": 0.4237971603870392,
    "test_accuracy": 0.7352941176470589,
    "test_precision": 0.7857142857142857,
    "test_recall": 0.6470588235294118,
    "test_f1": 0.7096774193548387,
    "test_auc": 0.7923875432525951,
    "test_tp": 11,
    "test_tn": 14,
    "test_fp": 3,
    "test_fn": 6,
    "infer_latency_s": 0.03329236257602187,
    "infer_throughput_samples_per_s": 30.036919059635295,
    "peak_infer_gpu_mem_gb": 2.6292285919189453
  },
  "scheduled_model_test": {
    "epoch_45": {
      "test_threshold_used": 0.7464223504066467,
      "test_accuracy": 0.7647058823529411,
      "test_precision": 1.0,
      "test_recall": 0.5294117647058824,
      "test_f1": 0.6923076923076923,
      "test_auc": 0.7785467128027681,
      "test_tp": 9,
      "test_tn": 17,
      "test_fp": 0,
      "test_fn": 8,
      "infer_latency_s": 0.03243428556358113,
      "infer_throughput_samples_per_s": 30.831571672503582,
      "peak_infer_gpu_mem_gb": 2.6292285919189453
    },
    "epoch_60": {
      "test_threshold_used": 0.32282108068466187,
      "test_accuracy": 0.7941176470588235,
      "test_precision": 0.9166666666666666,
      "test_recall": 0.6470588235294118,
      "test_f1": 0.7586206896551724,
      "test_auc": 0.7854671280276817,
      "test_tp": 11,
      "test_tn": 16,
      "test_fp": 1,
      "test_fn": 6,
      "infer_latency_s": 0.03309339153416017,
      "infer_throughput_samples_per_s": 30.21751333548768,
      "peak_infer_gpu_mem_gb": 2.6292285919189453
    }
  }
}