{
  "exp_name": "late_t1_flair_amp_full_bs2_60",
  "fusion": "late",
  "modalities": "t1_flair",
  "dtype": "amp",
  "input_size": "full",
  "batch_size": 2,
  "epochs": 60,
  "total_params": 66112129,
  "trainable_params": 66112129,
  "best_loss_epoch": 46,
  "best_val_loss": 0.43558599624563665,
  "best_loss_threshold": 0.382568359375,
  "best_loss_youden_j": 0.7647058823529411,
  "loss_saved_epochs": [
    1,
    2,
    3,
    4,
    5,
    7,
    8,
    11,
    12,
    13,
    18,
    19,
    22,
    23,
    25,
    28,
    31,
    33,
    43,
    46
  ],
  "best_auc_epoch": 46,
  "best_val_auc": 0.9429065743944636,
  "best_auc_threshold": 0.382568359375,
  "best_auc_youden_j": 0.7647058823529411,
  "auc_saved_epochs": [
    1,
    2,
    3,
    5,
    30,
    31,
    36,
    38,
    39,
    45,
    46
  ],
  "requested_scheduled_saved_epochs": [
    45,
    60
  ],
  "actual_scheduled_saved_epochs": [
    45,
    60
  ],
  "scheduled_thresholds": {
    "45": 0.308837890625,
    "60": 0.301025390625
  },
  "scheduled_youden_j": {
    "45": 0.7058823529411764,
    "60": 0.7058823529411764
  },
  "avg_train_time_s": 41.94815027415753,
  "avg_val_time_s": 5.484513786931832,
  "avg_epoch_time_s": 47.432672623296575,
  "avg_data_time_s": 0.09045083411037921,
  "avg_compute_time_s": 0.7314365773394801,
  "train_throughput_samples_per_s": 2.150416461034554,
  "peak_train_gpu_mem_gb": 21.124309062957764,
  "best_auc_model_test": {
    "test_threshold_used": 0.382568359375,
    "test_accuracy": 0.8235294117647058,
    "test_precision": 0.8666666666666667,
    "test_recall": 0.7647058823529411,
    "test_f1": 0.8125,
    "test_auc": 0.8269896193771626,
    "test_tp": 13,
    "test_tn": 15,
    "test_fp": 2,
    "test_fn": 4,
    "infer_latency_s": 0.0998779853038928,
    "infer_throughput_samples_per_s": 10.01221637538402,
    "peak_infer_gpu_mem_gb": 5.8234663009643555
  },
  "best_loss_model_test": {
    "test_threshold_used": 0.382568359375,
    "test_accuracy": 0.8235294117647058,
    "test_precision": 0.8666666666666667,
    "test_recall": 0.7647058823529411,
    "test_f1": 0.8125,
    "test_auc": 0.8269896193771626,
    "test_tp": 13,
    "test_tn": 15,
    "test_fp": 2,
    "test_fn": 4,
    "infer_latency_s": 0.09979402273893356,
    "infer_throughput_samples_per_s": 10.020640240308309,
    "peak_infer_gpu_mem_gb": 5.8234663009643555
  },
  "scheduled_model_test": {
    "epoch_45": {
      "test_threshold_used": 0.308837890625,
      "test_accuracy": 0.7058823529411765,
      "test_precision": 0.6842105263157895,
      "test_recall": 0.7647058823529411,
      "test_f1": 0.7222222222222222,
      "test_auc": 0.8408304498269896,
      "test_tp": 13,
      "test_tn": 11,
      "test_fp": 6,
      "test_fn": 4,
      "infer_latency_s": 0.09982826955178205,
      "infer_throughput_samples_per_s": 10.017202586901385,
      "peak_infer_gpu_mem_gb": 5.8234663009643555
    },
    "epoch_60": {
      "test_threshold_used": 0.301025390625,
      "test_accuracy": 0.7352941176470589,
      "test_precision": 0.75,
      "test_recall": 0.7058823529411765,
      "test_f1": 0.7272727272727273,
      "test_auc": 0.8477508650519031,
      "test_tp": 12,
      "test_tn": 13,
      "test_fp": 4,
      "test_fn": 5,
      "infer_latency_s": 0.09983736145145752,
      "infer_throughput_samples_per_s": 10.016290349241807,
      "peak_infer_gpu_mem_gb": 5.8234663009643555
    }
  }
}