{
  "exp_name": "single_t1_amp_full_bs2_60",
  "fusion": "single",
  "modalities": "t1",
  "dtype": "amp",
  "input_size": "full",
  "batch_size": 2,
  "epochs": 60,
  "total_params": 33060417,
  "trainable_params": 33060417,
  "best_loss_epoch": 53,
  "best_val_loss": 0.4481535378624411,
  "best_loss_threshold": 0.546875,
  "best_loss_youden_j": 0.7058823529411764,
  "loss_saved_epochs": [
    1,
    3,
    4,
    7,
    8,
    11,
    12,
    13,
    16,
    18,
    25,
    28,
    32,
    37,
    39,
    50,
    53
  ],
  "best_auc_epoch": 25,
  "best_val_auc": 0.8892733564013839,
  "best_auc_threshold": 0.344482421875,
  "best_auc_youden_j": 0.7647058823529411,
  "auc_saved_epochs": [
    1,
    4,
    17,
    18,
    20,
    21,
    25
  ],
  "requested_scheduled_saved_epochs": [
    45,
    60
  ],
  "actual_scheduled_saved_epochs": [
    45,
    60
  ],
  "scheduled_thresholds": {
    "45": 0.391845703125,
    "60": 0.385986328125
  },
  "scheduled_youden_j": {
    "45": 0.6470588235294117,
    "60": 0.6470588235294117
  },
  "avg_train_time_s": 23.451380384837588,
  "avg_val_time_s": 3.4590710098544757,
  "avg_epoch_time_s": 26.910460017373165,
  "avg_data_time_s": 0.08700544135827644,
  "avg_compute_time_s": 0.37221618868118406,
  "train_throughput_samples_per_s": 3.7903476913493734,
  "peak_train_gpu_mem_gb": 10.68481159210205,
  "best_auc_model_test": {
    "test_threshold_used": 0.344482421875,
    "test_accuracy": 0.7647058823529411,
    "test_precision": 0.8,
    "test_recall": 0.7058823529411765,
    "test_f1": 0.75,
    "test_auc": 0.7958477508650519,
    "test_tp": 12,
    "test_tn": 14,
    "test_fp": 3,
    "test_fn": 5,
    "infer_latency_s": 0.049756504595279694,
    "infer_throughput_samples_per_s": 20.09787480318439,
    "peak_infer_gpu_mem_gb": 5.430838108062744
  },
  "best_loss_model_test": {
    "test_threshold_used": 0.546875,
    "test_accuracy": 0.7058823529411765,
    "test_precision": 0.8181818181818182,
    "test_recall": 0.5294117647058824,
    "test_f1": 0.6428571428571429,
    "test_auc": 0.8166089965397924,
    "test_tp": 9,
    "test_tn": 15,
    "test_fp": 2,
    "test_fn": 8,
    "infer_latency_s": 0.04973313628750689,
    "infer_throughput_samples_per_s": 20.10731827204718,
    "peak_infer_gpu_mem_gb": 5.430838108062744
  },
  "scheduled_model_test": {
    "epoch_45": {
      "test_threshold_used": 0.391845703125,
      "test_accuracy": 0.7352941176470589,
      "test_precision": 0.7857142857142857,
      "test_recall": 0.6470588235294118,
      "test_f1": 0.7096774193548387,
      "test_auc": 0.8062283737024222,
      "test_tp": 11,
      "test_tn": 14,
      "test_fp": 3,
      "test_fn": 6,
      "infer_latency_s": 0.04976110949235804,
      "infer_throughput_samples_per_s": 20.09601494423216,
      "peak_infer_gpu_mem_gb": 5.430838108062744
    },
    "epoch_60": {
      "test_threshold_used": 0.385986328125,
      "test_accuracy": 0.7647058823529411,
      "test_precision": 0.9090909090909091,
      "test_recall": 0.5882352941176471,
      "test_f1": 0.7142857142857143,
      "test_auc": 0.823529411764706,
      "test_tp": 10,
      "test_tn": 16,
      "test_fp": 1,
      "test_fn": 7,
      "infer_latency_s": 0.04976000549162135,
      "infer_throughput_samples_per_s": 20.096460804619106,
      "peak_infer_gpu_mem_gb": 5.430838108062744
    }
  }
}