{
  "exp_name": "single_flair_amp_full_bs2_60",
  "fusion": "single",
  "modalities": "flair",
  "dtype": "amp",
  "input_size": "full",
  "batch_size": 2,
  "epochs": 60,
  "total_params": 33060417,
  "trainable_params": 33060417,
  "best_loss_epoch": 24,
  "best_val_loss": 0.43914447549511404,
  "best_loss_threshold": 0.7138671875,
  "best_loss_youden_j": 0.6470588235294118,
  "loss_saved_epochs": [
    1,
    2,
    3,
    7,
    8,
    13,
    14,
    16,
    17,
    20,
    24
  ],
  "best_auc_epoch": 36,
  "best_val_auc": 0.8961937716262975,
  "best_auc_threshold": 0.3017578125,
  "best_auc_youden_j": 0.6470588235294117,
  "auc_saved_epochs": [
    1,
    2,
    3,
    4,
    5,
    7,
    25,
    32,
    36
  ],
  "requested_scheduled_saved_epochs": [
    45,
    60
  ],
  "actual_scheduled_saved_epochs": [
    45,
    60
  ],
  "scheduled_thresholds": {
    "45": 0.62109375,
    "60": 0.74169921875
  },
  "scheduled_youden_j": {
    "45": 0.5294117647058824,
    "60": 0.5294117647058824
  },
  "avg_train_time_s": 23.519501393660903,
  "avg_val_time_s": 3.498492481559515,
  "avg_epoch_time_s": 27.01800129810969,
  "avg_data_time_s": 0.08773084801250423,
  "avg_compute_time_s": 0.3729167543181212,
  "train_throughput_samples_per_s": 3.7752607557664306,
  "peak_train_gpu_mem_gb": 10.68481159210205,
  "best_auc_model_test": {
    "test_threshold_used": 0.3017578125,
    "test_accuracy": 0.7058823529411765,
    "test_precision": 0.6666666666666666,
    "test_recall": 0.8235294117647058,
    "test_f1": 0.7368421052631579,
    "test_auc": 0.8166089965397924,
    "test_tp": 14,
    "test_tn": 10,
    "test_fp": 7,
    "test_fn": 3,
    "infer_latency_s": 0.04982699081301689,
    "infer_throughput_samples_per_s": 20.06944396366714,
    "peak_infer_gpu_mem_gb": 5.430838108062744
  },
  "best_loss_model_test": {
    "test_threshold_used": 0.7138671875,
    "test_accuracy": 0.7647058823529411,
    "test_precision": 1.0,
    "test_recall": 0.5294117647058824,
    "test_f1": 0.6923076923076923,
    "test_auc": 0.8546712802768165,
    "test_tp": 9,
    "test_tn": 17,
    "test_fp": 0,
    "test_fn": 8,
    "infer_latency_s": 0.049805189975920844,
    "infer_throughput_samples_per_s": 20.07822880473836,
    "peak_infer_gpu_mem_gb": 5.430838108062744
  },
  "scheduled_model_test": {
    "epoch_45": {
      "test_threshold_used": 0.62109375,
      "test_accuracy": 0.7647058823529411,
      "test_precision": 1.0,
      "test_recall": 0.5294117647058824,
      "test_f1": 0.6923076923076923,
      "test_auc": 0.8442906574394464,
      "test_tp": 9,
      "test_tn": 17,
      "test_fp": 0,
      "test_fn": 8,
      "infer_latency_s": 0.049776836572324526,
      "infer_throughput_samples_per_s": 20.089665572600712,
      "peak_infer_gpu_mem_gb": 5.430838108062744
    },
    "epoch_60": {
      "test_threshold_used": 0.74169921875,
      "test_accuracy": 0.7647058823529411,
      "test_precision": 1.0,
      "test_recall": 0.5294117647058824,
      "test_f1": 0.6923076923076923,
      "test_auc": 0.8581314878892733,
      "test_tp": 9,
      "test_tn": 17,
      "test_fp": 0,
      "test_fn": 8,
      "infer_latency_s": 0.04978917319984997,
      "infer_throughput_samples_per_s": 20.08468780925676,
      "peak_infer_gpu_mem_gb": 5.430838108062744
    }
  }
}