{
  "exp_name": "single_t1_amp_small_bs2_60",
  "fusion": "single",
  "modalities": "t1",
  "dtype": "amp",
  "input_size": "small",
  "batch_size": 2,
  "epochs": 60,
  "total_params": 33060417,
  "trainable_params": 33060417,
  "best_loss_epoch": 40,
  "best_val_loss": 0.459002241054002,
  "best_loss_threshold": 0.640625,
  "best_loss_youden_j": 0.6470588235294118,
  "loss_saved_epochs": [
    1,
    2,
    3,
    8,
    11,
    19,
    20,
    21,
    22,
    25,
    32,
    33,
    40
  ],
  "best_auc_epoch": 33,
  "best_val_auc": 0.8685121107266436,
  "best_auc_threshold": 0.56298828125,
  "best_auc_youden_j": 0.5882352941176471,
  "auc_saved_epochs": [
    1,
    2,
    3,
    5,
    7,
    12,
    17,
    18,
    20,
    22,
    23,
    25,
    33
  ],
  "requested_scheduled_saved_epochs": [
    45,
    60
  ],
  "actual_scheduled_saved_epochs": [
    45,
    60
  ],
  "scheduled_thresholds": {
    "45": 0.623046875,
    "60": 0.466796875
  },
  "scheduled_youden_j": {
    "45": 0.5882352941176471,
    "60": 0.5294117647058824
  },
  "avg_train_time_s": 5.309562890479962,
  "avg_val_time_s": 1.3349278760453065,
  "avg_epoch_time_s": 6.644498480732242,
  "avg_data_time_s": 0.01873558405178045,
  "avg_compute_time_s": 0.08485666911050775,
  "train_throughput_samples_per_s": 15.351045725389243,
  "peak_train_gpu_mem_gb": 2.593075752258301,
  "best_auc_model_test": {
    "test_threshold_used": 0.56298828125,
    "test_accuracy": 0.7058823529411765,
    "test_precision": 0.7692307692307693,
    "test_recall": 0.5882352941176471,
    "test_f1": 0.6666666666666666,
    "test_auc": 0.7197231833910035,
    "test_tp": 10,
    "test_tn": 14,
    "test_fp": 3,
    "test_fn": 7,
    "infer_latency_s": 0.017007959897027296,
    "infer_throughput_samples_per_s": 58.79599940583016,
    "peak_infer_gpu_mem_gb": 1.3368439674377441
  },
  "best_loss_model_test": {
    "test_threshold_used": 0.640625,
    "test_accuracy": 0.7058823529411765,
    "test_precision": 0.8181818181818182,
    "test_recall": 0.5294117647058824,
    "test_f1": 0.6428571428571429,
    "test_auc": 0.7058823529411764,
    "test_tp": 9,
    "test_tn": 15,
    "test_fp": 2,
    "test_fn": 8,
    "infer_latency_s": 0.018200208159054026,
    "infer_throughput_samples_per_s": 54.94442652857966,
    "peak_infer_gpu_mem_gb": 1.3368439674377441
  },
  "scheduled_model_test": {
    "epoch_45": {
      "test_threshold_used": 0.623046875,
      "test_accuracy": 0.7352941176470589,
      "test_precision": 0.8333333333333334,
      "test_recall": 0.5882352941176471,
      "test_f1": 0.6896551724137931,
      "test_auc": 0.7370242214532872,
      "test_tp": 10,
      "test_tn": 15,
      "test_fp": 2,
      "test_fn": 7,
      "infer_latency_s": 0.01940724582356565,
      "infer_throughput_samples_per_s": 51.52714656634736,
      "peak_infer_gpu_mem_gb": 1.3368439674377441
    },
    "epoch_60": {
      "test_threshold_used": 0.466796875,
      "test_accuracy": 0.7058823529411765,
      "test_precision": 0.7692307692307693,
      "test_recall": 0.5882352941176471,
      "test_f1": 0.6666666666666666,
      "test_auc": 0.7093425605536331,
      "test_tp": 10,
      "test_tn": 14,
      "test_fp": 3,
      "test_fn": 7,
      "infer_latency_s": 0.018995707306791756,
      "infer_throughput_samples_per_s": 52.643472751470455,
      "peak_infer_gpu_mem_gb": 1.3368439674377441
    }
  }
}