{
  "exp_name": "single_t1_fp32_full_bs2_60",
  "fusion": "single",
  "modalities": "t1",
  "dtype": "fp32",
  "input_size": "full",
  "batch_size": 2,
  "epochs": 60,
  "total_params": 33060417,
  "trainable_params": 33060417,
  "best_loss_epoch": 60,
  "best_val_loss": 0.425667912206229,
  "best_loss_threshold": 0.3756169378757477,
  "best_loss_youden_j": 0.7058823529411764,
  "loss_saved_epochs": [
    1,
    2,
    3,
    4,
    6,
    8,
    12,
    13,
    15,
    16,
    18,
    20,
    21,
    24,
    40,
    47,
    60
  ],
  "best_auc_epoch": 46,
  "best_val_auc": 0.9204152249134947,
  "best_auc_threshold": 0.32425522804260254,
  "best_auc_youden_j": 0.7647058823529411,
  "auc_saved_epochs": [
    1,
    2,
    3,
    4,
    9,
    11,
    25,
    38,
    46
  ],
  "requested_scheduled_saved_epochs": [
    45,
    60
  ],
  "actual_scheduled_saved_epochs": [
    45,
    60
  ],
  "scheduled_thresholds": {
    "45": 0.3065464496612549,
    "60": 0.3756169378757477
  },
  "scheduled_youden_j": {
    "45": 0.7058823529411764,
    "60": 0.7058823529411764
  },
  "avg_train_time_s": 35.529720809683205,
  "avg_val_time_s": 5.2056538013120495,
  "avg_epoch_time_s": 40.73538471410672,
  "avg_data_time_s": 0.1170492486212573,
  "avg_compute_time_s": 0.5786617297947018,
  "train_throughput_samples_per_s": 2.5039655502425453,
  "peak_train_gpu_mem_gb": 20.640990257263184,
  "best_auc_model_test": {
    "test_threshold_used": 0.32425522804260254,
    "test_accuracy": 0.7647058823529411,
    "test_precision": 0.8,
    "test_recall": 0.7058823529411765,
    "test_f1": 0.75,
    "test_auc": 0.7785467128027681,
    "test_tp": 12,
    "test_tn": 14,
    "test_fp": 3,
    "test_fn": 5,
    "infer_latency_s": 0.08488219384761418,
    "infer_throughput_samples_per_s": 11.781033862004822,
    "peak_infer_gpu_mem_gb": 10.470877170562744
  },
  "best_loss_model_test": {
    "test_threshold_used": 0.3756169378757477,
    "test_accuracy": 0.7647058823529411,
    "test_precision": 0.8461538461538461,
    "test_recall": 0.6470588235294118,
    "test_f1": 0.7333333333333333,
    "test_auc": 0.7958477508650519,
    "test_tp": 11,
    "test_tn": 15,
    "test_fp": 2,
    "test_fn": 6,
    "infer_latency_s": 0.08484127241022446,
    "infer_throughput_samples_per_s": 11.786716200634059,
    "peak_infer_gpu_mem_gb": 10.470877170562744
  },
  "scheduled_model_test": {
    "epoch_45": {
      "test_threshold_used": 0.3065464496612549,
      "test_accuracy": 0.7352941176470589,
      "test_precision": 0.7857142857142857,
      "test_recall": 0.6470588235294118,
      "test_f1": 0.7096774193548387,
      "test_auc": 0.7647058823529411,
      "test_tp": 11,
      "test_tn": 14,
      "test_fp": 3,
      "test_fn": 6,
      "infer_latency_s": 0.08486074450261452,
      "infer_throughput_samples_per_s": 11.784011628241023,
      "peak_infer_gpu_mem_gb": 10.470877170562744
    },
    "epoch_60": {
      "test_threshold_used": 0.3756169378757477,
      "test_accuracy": 0.7647058823529411,
      "test_precision": 0.8461538461538461,
      "test_recall": 0.6470588235294118,
      "test_f1": 0.7333333333333333,
      "test_auc": 0.7958477508650519,
      "test_tp": 11,
      "test_tn": 15,
      "test_fp": 2,
      "test_fn": 6,
      "infer_latency_s": 0.08490150224636583,
      "infer_throughput_samples_per_s": 11.778354605531193,
      "peak_infer_gpu_mem_gb": 10.470877170562744
    }
  }
}